id,title,artist,genre,source
58548079,Рок,ИГРА МИРОВ,rock,track_search
558,Rock That Body,Black Eyed Peas,rock,track_search
103247532,Rock,BUSHIDO ZHO,rock,track_search
1710811,We Will Rock You,Queen,rock,track_search
53497069,Rock Bottom,Radek,rock,track_search
29598557,Рок,Женя Любич,rock,track_search
118939147,Rock Star,FRHAD,rock,track_search
802,"Rock, Rock, Rock",Sparks,rock,track_search
113662,Rock & Roll Queen,The Subways,rock,track_search
61206877,Тяжёлый рок,Bad Connection,rock,track_search
140215411,Rock That Body,Gordon,rock,track_search
140421443,Rock Your Body,KAZIOL,rock,track_search
38081853,Rock The Body,Ledur,rock,track_search
122963819,Rock Your Body,kets4eki,rock,track_search
140849650,Rock That Body,Lumarii,rock,track_search
8114387,Rock Superstar,ArthurKill,rock,track_search
10184050,Rock And Roll (In A Black Hole),Rob Zombie,rock,track_search
140280881,Im Rock,Raykirie,rock,track_search
140384871,Rock That Body,PureMiND,rock,track_search
28036304,Rock You Like a Hurricane,Scorpions,rock,track_search
4348063,Outro,Black Moon,rock,artist_tracks
17386795,When We Roll Through,Hyjak,rock,artist_tracks
17783721,Stuck off the Realness (feat. Rock of Heltah Skeltah),Shabaam Sahdeeq,rock,artist_tracks
48853215,Dirty Weapons,Aul purpis,rock,artist_tracks
25310907,"Bis & Sun Ruck & Rock (feat. Sean Price of Heltah Skeltah, Rock of Heltah Skeltah & Born Sun)",Canibus,rock,artist_tracks
45631446,Remember Me,AllinMixtapes,rock,artist_tracks
4350157,Stomp Thru,Smif-n-Wessun,rock,artist_tracks
126265604,If You Don't Know,Erick Sermon,rock,artist_tracks
4349018,King Kong,Sean Price,rock,artist_tracks
4228964,Slap Boxing,Sean Price,rock,artist_tracks
4349032,P. Body,Sean Price,rock,artist_tracks
36239710,Clans & Cliks,Sean Price,rock,artist_tracks
4228967,Jail Shit,Sean Price,rock,artist_tracks
4349023,Church,Sean Price,rock,artist_tracks
114866968,U Turn,Andy,rock,artist_tracks
131789086,Dna,Rock,rock,artist_tracks
97786559,Stadium Rock,Classic Rock,rock,artist_tracks
97786562,"One Life, Just Live It",Classic Rock,rock,artist_tracks
97786558,Uplifting Airwaves,Classic Rock,rock,artist_tracks
97786566,The March of Light,Classic Rock,rock,artist_tracks
114098937,rock 2023,Run Music,rock,additional_search
131865417,Rock2023,Tommy-yang,rock,additional_search
113860892,rocks 2023,Comfortable Morning,rock,additional_search
65850086,Rock,House Music,rock,additional_search
127662731,Rock Your Body,Alex Greenhouse,rock,additional_search
113724012,Rocky,Peter Orloff,rock,additional_search
1695045,Rock Of Ages (2023-A),Leadbelly with Sarah & Jim  Garland,rock,additional_search
129026632,I Am A Rock,The Headliners,rock,additional_search
109417290,Rock Me Baby,Jeff Driller,rock,additional_search
114641013,Rock Ya Body,Atmozfears,rock,additional_search
135054971,Jazz,byekid,jazz,track_search
61556465,JAZZ,Basic Instinct,jazz,track_search
54024975,Jazz,Sampladelic,jazz,track_search
49732426,Jazz,New Orleans Jazz Club,jazz,track_search
49637450,Jazz,Jazz Mr. Truba,jazz,track_search
4394428,Jazz,"Marco Soundee,Eric van Aro",jazz,track_search
47374125,Jazz Dance,Kvistum,jazz,track_search
22435822,Afro Jazz,Side,jazz,track_search
117999322,Jazz Dance,YungRemi,jazz,track_search
126461266,Jazz Dance,El Jorjo,jazz,track_search
114535558,Jazz & Sex,0BM,jazz,track_search
18873903,Jazz Folk,Clay Jenkins,jazz,track_search
144341602,Afro Jazz,SLO,jazz,track_search
121754121,Jazz Hiphop,LUKE,jazz,track_search
72411011,Jazz Bass,Edit,jazz,track_search
41919198,Jazz Version,Agorvey,jazz,track_search
58786077,Jazz Dance,Michal Martyniuk,jazz,track_search
120418204,Ai Jazz,Andrés,jazz,track_search
3334752,All That Jazz,The Sound of Musical Orchestra,jazz,track_search
104877752,Jazz 60s,lyestouchek,jazz,track_search
144034478,Атмосфера Нью-Йорка. New York Lounge Jazz,Jazz Evening,jazz,artist_tracks
143971940,Chill Jazz. Музыка для Кафе и Ресторанов (Ultra Slowed),Luminote,jazz,artist_tracks
143196579,Jazz Music. Lounge Jazz Music for Relaxation. Джаз Музыка для Отдыха и Фона,Severnote,jazz,artist_tracks
144056065,Smooth Lounge Jazz for Relaxation. Джаз Музыка для Отдыха и Фона,Jazz Evening,jazz,artist_tracks
143971938,Chill Jazz. Музыка для Кафе и Ресторанов,Luminote,jazz,artist_tracks
144056064,Лаундж Джаз. Late Night Jazz Lounge Music for a Relaxing Lounge Evenings,Jazz Evening,jazz,artist_tracks
143971941,Chill Jazz. Музыка для Кафе и Ресторанов (Sped Up),Luminote,jazz,artist_tracks
143971939,Chill Jazz. Музыка для Кафе и Ресторанов (Slowed),Luminote,jazz,artist_tracks
144200240,Дал Джазу. Джаз Музыка для Отдыха и Фона,Luminote,jazz,artist_tracks
144200241,Дал Джазу. Джаз Музыка для Отдыха и Фона (Slowed),Luminote,jazz,artist_tracks
76784901,Smooth Relaxing Lounge Jazz,#Jazz,jazz,artist_tracks
76784903,Duck Time,#Jazz,jazz,artist_tracks
76784902,Saturday Is Here,#Jazz,jazz,artist_tracks
76784908,Crazy Jazzy Blues,#Jazz,jazz,artist_tracks
76784905,Canada South,#Jazz,jazz,artist_tracks
76784915,Lola Wants David,#Jazz,jazz,artist_tracks
76784907,Blues in Water,#Jazz,jazz,artist_tracks
76784914,Lets Fall in Love,#Jazz,jazz,artist_tracks
76784910,Spending More,#Jazz,jazz,artist_tracks
76784911,Rare Things Lost,#Jazz,jazz,artist_tracks
117202713,2023,Nego Jazz,jazz,additional_search
119119563,Global Grove Jazz 2023,Shuvo,jazz,additional_search
111907865,Breezin' Jazz,Cafe Music BGM channel,jazz,additional_search
2582403,Jazz Mattazz,Subjazz,jazz,additional_search
115346307,Jazz Alliance,Norman Jones,jazz,additional_search
107323059,Jazz,Night Wanderer,jazz,additional_search
141783139,Jazz,Skillmann,jazz,additional_search
53108601,Jazz,Deep Lo,jazz,additional_search
127823451,Brass & Jazz,Scruscru,jazz,additional_search
104288788,Wonderful Jazz,Jazz For Sleeping,jazz,additional_search
44165051,Hiphop,Af1,hiphop,track_search
66539615,HipHop,Frenmad,hiphop,track_search
97765903,HIPHOP,￦ET$EASON,hiphop,track_search
117801738,Hiphop,Pansophi,hiphop,track_search
124278371,Hiphop,Billite,hiphop,track_search
63523842,HipHop,Kayno Splits Wigz,hiphop,track_search
4521665,HIPHOP,Jack Flash,hiphop,track_search
138640772,Hiphop,Smoky,hiphop,track_search
20536548,Hip Hop,Skee-Lo,hiphop,track_search
93971876,Hiphop Geniuses,$denero$,hiphop,track_search
1721755,Hip Hop,N.A.S.A.,hiphop,track_search
124328714,HipHop,Youknowwho,hiphop,track_search
57712563,Beat Rap Hip Hop,Base De Rap,hiphop,track_search
143083545,HIP-HOP,TATTLEBOY,hiphop,track_search
2254988,Hip Hop,Cihat,hiphop,track_search
140452713,Hip -Hop,NANA,hiphop,track_search
35370759,Hip-Hop,Smindlo,hiphop,track_search
118807554,Hip Hop,World Wide Rap,hiphop,track_search
38958902,Hip Hop Background,Alandra,hiphop,track_search
111321024,Hip Hop Baby,PA$CH,hiphop,track_search
92894605,Watch Me,Skip The Kid,hiphop,artist_tracks
92894602,Heights,Skip The Kid,hiphop,artist_tracks
140646475,Gabriela,Alterboy,hiphop,artist_tracks
93327175,Smoke Weed Freestyle,Hip Hop,hiphop,artist_tracks
95303823,Mis cascos,Sacramento,hiphop,artist_tracks
72290917,Chakras (The Lost Tapes),Hip Hop,hiphop,artist_tracks
95303813,Intro,Sacramento,hiphop,artist_tracks
132784878,Its All About Money,Trypper,hiphop,artist_tracks
33235961,U Kthym,Hip Hop,hiphop,artist_tracks
95303814,Bienvenidos a Sacramento,Sacramento,hiphop,artist_tracks
95303828,Outro,Sacramento,hiphop,artist_tracks
95303826,Rockin' with the best,Sacramento,hiphop,artist_tracks
143836026,Made In Malabar,SnapstrX,hiphop,artist_tracks
138185276,It's not fair,Lo Fi Hip Hop,hiphop,artist_tracks
111043208,Chill,Lofi Hip Hop,hiphop,artist_tracks
143522798,glory,polino4ka,hiphop,artist_tracks
139746136,travel toy,Lo Fi Hip Hop,hiphop,artist_tracks
109872399,Гавайи,LO-FI BEATS,hiphop,artist_tracks
111043215,Carrier,Lofi Hip Hop,hiphop,artist_tracks
111043210,Rhythm,Lofi Hip Hop,hiphop,artist_tracks
112354204,Hiphop 2023,Zeekonthebeat,hiphop,additional_search
112803219,Hiphop 2023,MARYO RAJA,hiphop,additional_search
116282504,HIPHOP ANTHEM 2023,сборник,hiphop,additional_search
116282506,HIPHOP ANTHEM 2023 (Inst.),сборник,hiphop,additional_search
115792565,Chines Underground HipHop All School Cypher 2023,王波,hiphop,additional_search
114653715,best 2023,Morning Night Moon,hiphop,additional_search
114655943,spanish 2023,Soothing Sonics,hiphop,additional_search
111787579,FIFA and Hip Hop,Lil Vikings,hiphop,additional_search
119596069,Hip Hop Era,Yogi B,hiphop,additional_search
127823222,Hip Hop,Ale Buldrighini,hiphop,additional_search
